query,execution_time,table1_stats_filepath,table2_stats_filepath
"EXPLAIN (ANALYZE true, COSTS true, FORMAT json) Select s_suppkey, s_nationkey, s_address, s_name, s_comment, s_phone, s_acctbal from supplier ;",24.496,table_info\supplier_table_stats.json,
"EXPLAIN (ANALYZE true, COSTS true, FORMAT json) Select p_size, p_mfgr, p_container, p_brand, p_type, p_retailprice, p_comment from part ;",240.244,table_info\part_table_stats.json,
"EXPLAIN (ANALYZE true, COSTS true, FORMAT json) Select s_suppkey, s_address, s_name, s_comment, s_phone from supplier ;",21.502,table_info\supplier_table_stats.json,
"EXPLAIN (ANALYZE true, COSTS true, FORMAT json) Select l_linestatus, l_commitdate, l_suppkey, l_extendedprice, l_partkey, l_discount, l_shipinstruct, l_shipmode, l_quantity, l_receiptdate, l_linenumber, l_tax, l_orderkey, l_comment, l_shipdate from lineitem ;",14037.071,table_info\lineitem_table_stats.json,
"EXPLAIN (ANALYZE true, COSTS true, FORMAT json) Select l_commitdate, l_extendedprice, l_suppkey, l_shipmode, l_quantity, l_comment from lineitem ;",14346.491,table_info\lineitem_table_stats.json,
"EXPLAIN (ANALYZE true, COSTS true, FORMAT json) Select s_nationkey from supplier ;",23.65,table_info\supplier_table_stats.json,
"EXPLAIN (ANALYZE true, COSTS true, FORMAT json) Select l_linestatus, l_orderkey, l_comment from lineitem ;",14330.815,table_info\lineitem_table_stats.json,
"EXPLAIN (ANALYZE true, COSTS true, FORMAT json) Select l_linestatus, l_commitdate, l_partkey, l_discount, l_shipmode, l_tax, l_orderkey, l_comment from lineitem ;",14377.29,table_info\lineitem_table_stats.json,
"EXPLAIN (ANALYZE true, COSTS true, FORMAT json) Select l_linestatus, l_suppkey, l_returnflag, l_receiptdate, l_tax from lineitem ;",14517.322,table_info\lineitem_table_stats.json,
"EXPLAIN (ANALYZE true, COSTS true, FORMAT json) Select l_linestatus, l_commitdate, l_suppkey, l_returnflag, l_discount, l_quantity, l_linenumber, l_comment from lineitem ;",14422.97,table_info\lineitem_table_stats.json,
"EXPLAIN (ANALYZE true, COSTS true, FORMAT json) Select o_clerk, o_custkey, o_totalprice, o_comment, o_orderpriority from orders ;",2437.669,table_info\orders_table_stats.json,
"EXPLAIN (ANALYZE true, COSTS true, FORMAT json) Select c_address, c_nationkey, c_acctbal, c_comment, c_phone from customer ;",184.469,table_info\customer_table_stats.json,
"EXPLAIN (ANALYZE true, COSTS true, FORMAT json) Select s_name, s_phone, s_nationkey from supplier ;",20.991,table_info\supplier_table_stats.json,
"EXPLAIN (ANALYZE true, COSTS true, FORMAT json) Select s_suppkey, s_nationkey, s_comment, s_phone, s_acctbal from supplier ;",21.679,table_info\supplier_table_stats.json,
"EXPLAIN (ANALYZE true, COSTS true, FORMAT json) Select ps_supplycost, ps_comment, ps_availqty, ps_partkey, ps_suppkey from partsupp ;",1158.981,table_info\partsupp_table_stats.json,
"EXPLAIN (ANALYZE true, COSTS true, FORMAT json) Select l_discount, l_extendedprice, l_returnflag from lineitem ;",13884.411,table_info\lineitem_table_stats.json,
"EXPLAIN (ANALYZE true, COSTS true, FORMAT json) Select p_mfgr, p_comment from part ;",233.211,table_info\part_table_stats.json,
"EXPLAIN (ANALYZE true, COSTS true, FORMAT json) Select l_shipdate from lineitem ;",14755.082,table_info\lineitem_table_stats.json,
"EXPLAIN (ANALYZE true, COSTS true, FORMAT json) Select p_name, p_size, p_mfgr, p_partkey, p_comment from part ;",236.549,table_info\part_table_stats.json,
"EXPLAIN (ANALYZE true, COSTS true, FORMAT json) Select ps_supplycost, ps_comment, ps_availqty from partsupp ;",871.994,table_info\partsupp_table_stats.json,
"EXPLAIN (ANALYZE true, COSTS true, FORMAT json) Select ps_supplycost, ps_comment, ps_partkey, ps_suppkey from partsupp ;",868.871,table_info\partsupp_table_stats.json,
"EXPLAIN (ANALYZE true, COSTS true, FORMAT json) Select c_mktsegment, c_address, c_nationkey, c_name, c_acctbal, c_comment, c_phone from customer ;",277.617,table_info\customer_table_stats.json,
"EXPLAIN (ANALYZE true, COSTS true, FORMAT json) Select l_linestatus, l_commitdate, l_suppkey, l_partkey, l_returnflag, l_shipmode, l_quantity, l_receiptdate, l_linenumber, l_tax, l_orderkey, l_comment, l_shipdate from lineitem ;",13785.135,table_info\lineitem_table_stats.json,
"EXPLAIN (ANALYZE true, COSTS true, FORMAT json) Select o_totalprice, o_orderstatus, o_orderdate, o_comment, o_orderpriority, o_shippriority from orders ;",2423.646,table_info\orders_table_stats.json,
"EXPLAIN (ANALYZE true, COSTS true, FORMAT json) Select c_mktsegment, c_name, c_acctbal, c_comment, c_phone, c_custkey from customer ;",178.653,table_info\customer_table_stats.json,
"EXPLAIN (ANALYZE true, COSTS true, FORMAT json) Select ps_supplycost, ps_availqty, ps_suppkey from partsupp ;",1179.61,table_info\partsupp_table_stats.json,
"EXPLAIN (ANALYZE true, COSTS true, FORMAT json) Select l_linestatus, l_suppkey, l_shipmode, l_linenumber, l_comment, l_shipdate from lineitem ;",13603.843,table_info\lineitem_table_stats.json,
"EXPLAIN (ANALYZE true, COSTS true, FORMAT json) Select p_size, p_mfgr, p_container, p_brand, p_type, p_retailprice from part ;",238.699,table_info\part_table_stats.json,
"EXPLAIN (ANALYZE true, COSTS true, FORMAT json) Select l_linestatus, l_commitdate, l_returnflag, l_discount, l_shipmode, l_quantity, l_linenumber, l_comment from lineitem ;",14217.981,table_info\lineitem_table_stats.json,
"EXPLAIN (ANALYZE true, COSTS true, FORMAT json) Select p_retailprice, p_partkey, p_mfgr, p_container from part ;",229.936,table_info\part_table_stats.json,
"EXPLAIN (ANALYZE true, COSTS true, FORMAT json) Select o_clerk, o_custkey, o_totalprice, o_orderstatus, o_comment, o_orderpriority from orders ;",2418.782,table_info\orders_table_stats.json,
"EXPLAIN (ANALYZE true, COSTS true, FORMAT json) Select o_orderstatus, o_custkey from orders ;",1747.977,table_info\orders_table_stats.json,
"EXPLAIN (ANALYZE true, COSTS true, FORMAT json) Select o_comment, o_clerk, o_totalprice from orders ;",1671.143,table_info\orders_table_stats.json,
"EXPLAIN (ANALYZE true, COSTS true, FORMAT json) Select l_suppkey, l_returnflag, l_partkey, l_shipmode, l_receiptdate, l_shipdate from lineitem ;",14092.406,table_info\lineitem_table_stats.json,
"EXPLAIN (ANALYZE true, COSTS true, FORMAT json) Select c_comment from customer ;",184.245,table_info\customer_table_stats.json,
"EXPLAIN (ANALYZE true, COSTS true, FORMAT json) Select s_suppkey, s_phone, s_comment from supplier ;",21.446,table_info\supplier_table_stats.json,
"EXPLAIN (ANALYZE true, COSTS true, FORMAT json) Select ps_supplycost, ps_comment, ps_partkey, ps_availqty from partsupp ;",1103.492,table_info\partsupp_table_stats.json,
"EXPLAIN (ANALYZE true, COSTS true, FORMAT json) Select l_linestatus, l_suppkey, l_extendedprice, l_returnflag, l_discount, l_shipinstruct, l_receiptdate, l_tax, l_orderkey from lineitem ;",13851.3,table_info\lineitem_table_stats.json,
"EXPLAIN (ANALYZE true, COSTS true, FORMAT json) Select p_type, p_retailprice from part ;",229.037,table_info\part_table_stats.json,
"EXPLAIN (ANALYZE true, COSTS true, FORMAT json) Select c_name, c_mktsegment, c_custkey from customer ;",171.905,table_info\customer_table_stats.json,
"EXPLAIN (ANALYZE true, COSTS true, FORMAT json) Select o_custkey, o_totalprice, o_orderstatus, o_comment, o_shippriority from orders ;",2406.659,table_info\orders_table_stats.json,
"EXPLAIN (ANALYZE true, COSTS true, FORMAT json) Select p_name from part ;",205.965,table_info\part_table_stats.json,
"EXPLAIN (ANALYZE true, COSTS true, FORMAT json) Select ps_supplycost, ps_partkey from partsupp ;",1074.889,table_info\partsupp_table_stats.json,
"EXPLAIN (ANALYZE true, COSTS true, FORMAT json) Select o_clerk, o_custkey, o_totalprice, o_orderdate, o_comment, o_orderpriority, o_shippriority, o_orderkey from orders ;",2836.672,table_info\orders_table_stats.json,
"EXPLAIN (ANALYZE true, COSTS true, FORMAT json) Select l_linestatus, l_discount, l_comment, l_shipinstruct from lineitem ;",13684.432,table_info\lineitem_table_stats.json,
"EXPLAIN (ANALYZE true, COSTS true, FORMAT json) Select o_clerk, o_custkey, o_totalprice, o_orderstatus, o_orderdate, o_orderpriority, o_shippriority, o_orderkey from orders ;",2915.179,table_info\orders_table_stats.json,
"EXPLAIN (ANALYZE true, COSTS true, FORMAT json) Select s_name, s_suppkey from supplier ;",19.911,table_info\supplier_table_stats.json,
"EXPLAIN (ANALYZE true, COSTS true, FORMAT json) Select n_nationkey from nation ;",0.059,table_info\nation_table_stats.json,
"EXPLAIN (ANALYZE true, COSTS true, FORMAT json) Select s_nationkey, s_address, s_name, s_comment, s_acctbal from supplier ;",21.434,table_info\supplier_table_stats.json,
"EXPLAIN (ANALYZE true, COSTS true, FORMAT json) Select l_commitdate, l_linestatus, l_shipinstruct from lineitem ;",14175.992,table_info\lineitem_table_stats.json,
"EXPLAIN (ANALYZE true, COSTS true, FORMAT json) Select c_acctbal from customer ;",173.151,table_info\customer_table_stats.json,
"EXPLAIN (ANALYZE true, COSTS true, FORMAT json) Select p_size, p_mfgr, p_retailprice, p_container, p_type from part ;",233.318,table_info\part_table_stats.json,
"EXPLAIN (ANALYZE true, COSTS true, FORMAT json) Select r_regionkey, r_comment from region ;",0.059,table_info\region_table_stats.json,
"EXPLAIN (ANALYZE true, COSTS true, FORMAT json) Select o_clerk, o_custkey, o_totalprice, o_comment, o_orderpriority, o_shippriority, o_orderkey from orders ;",1988.433,table_info\orders_table_stats.json,
"EXPLAIN (ANALYZE true, COSTS true, FORMAT json) Select s_nationkey, s_address, s_name, s_comment, s_phone, s_acctbal from supplier ;",21.618,table_info\supplier_table_stats.json,
"EXPLAIN (ANALYZE true, COSTS true, FORMAT json) Select l_commitdate, l_suppkey, l_extendedprice, l_partkey, l_returnflag, l_discount, l_shipinstruct, l_receiptdate, l_tax, l_orderkey from lineitem ;",14643.97,table_info\lineitem_table_stats.json,
"EXPLAIN (ANALYZE true, COSTS true, FORMAT json) Select o_orderstatus, o_orderdate, o_clerk, o_orderkey from orders ;",1993.506,table_info\orders_table_stats.json,
"EXPLAIN (ANALYZE true, COSTS true, FORMAT json) Select c_address, c_nationkey, c_name, c_acctbal, c_comment, c_phone, c_custkey from customer ;",185.226,table_info\customer_table_stats.json,
"EXPLAIN (ANALYZE true, COSTS true, FORMAT json) Select l_linestatus, l_commitdate, l_extendedprice, l_partkey, l_returnflag, l_discount, l_shipinstruct, l_shipmode, l_quantity, l_receiptdate, l_linenumber, l_tax, l_orderkey, l_comment, l_shipdate from lineitem ;",14284.807,table_info\lineitem_table_stats.json,
"EXPLAIN (ANALYZE true, COSTS true, FORMAT json) Select o_clerk, o_custkey, o_totalprice, o_orderstatus, o_orderdate, o_comment, o_orderpriority, o_shippriority from orders ;",2377.327,table_info\orders_table_stats.json,
"EXPLAIN (ANALYZE true, COSTS true, FORMAT json) Select l_discount, l_extendedprice, l_orderkey from lineitem ;",14360.658,table_info\lineitem_table_stats.json,
"EXPLAIN (ANALYZE true, COSTS true, FORMAT json) Select l_linestatus, l_commitdate, l_suppkey, l_partkey, l_discount, l_shipinstruct, l_linenumber, l_receiptdate, l_orderkey from lineitem ;",14303.224,table_info\lineitem_table_stats.json,
"EXPLAIN (ANALYZE true, COSTS true, FORMAT json) Select p_type from part ;",229.842,table_info\part_table_stats.json,
"EXPLAIN (ANALYZE true, COSTS true, FORMAT json) Select ps_partkey, ps_availqty, ps_suppkey from partsupp ;",1047.811,table_info\partsupp_table_stats.json,
"EXPLAIN (ANALYZE true, COSTS true, FORMAT json) Select o_clerk, o_custkey, o_totalprice, o_orderstatus, o_orderdate, o_comment, o_orderpriority, o_shippriority, o_orderkey from orders ;",2408.296,table_info\orders_table_stats.json,
"EXPLAIN (ANALYZE true, COSTS true, FORMAT json) Select s_address, s_name, s_comment, s_phone, s_acctbal from supplier ;",65.246,table_info\supplier_table_stats.json,
"EXPLAIN (ANALYZE true, COSTS true, FORMAT json) Select p_name, p_mfgr, p_brand, p_container, p_type, p_retailprice, p_partkey, p_comment from part ;",237.726,table_info\part_table_stats.json,
"EXPLAIN (ANALYZE true, COSTS true, FORMAT json) Select l_orderkey from lineitem ;",13978.569,table_info\lineitem_table_stats.json,
"EXPLAIN (ANALYZE true, COSTS true, FORMAT json) Select o_comment, o_orderpriority, o_orderkey from orders ;",2933.374,table_info\orders_table_stats.json,
"EXPLAIN (ANALYZE true, COSTS true, FORMAT json) Select o_totalprice, o_orderstatus, o_orderdate, o_comment, o_shippriority from orders ;",2237.21,table_info\orders_table_stats.json,
"EXPLAIN (ANALYZE true, COSTS true, FORMAT json) Select p_partkey, p_type from part ;",230.465,table_info\part_table_stats.json,
"EXPLAIN (ANALYZE true, COSTS true, FORMAT json) Select l_linestatus, l_commitdate, l_extendedprice, l_returnflag, l_discount, l_shipinstruct, l_shipmode, l_quantity, l_receiptdate, l_linenumber, l_tax, l_orderkey, l_comment, l_shipdate from lineitem ;",14365.175,table_info\lineitem_table_stats.json,
"EXPLAIN (ANALYZE true, COSTS true, FORMAT json) Select o_shippriority, o_totalprice from orders ;",2442.842,table_info\orders_table_stats.json,
"EXPLAIN (ANALYZE true, COSTS true, FORMAT json) Select r_regionkey from region ;",0.051,table_info\region_table_stats.json,
"EXPLAIN (ANALYZE true, COSTS true, FORMAT json) Select c_address, c_mktsegment from customer ;",177.881,table_info\customer_table_stats.json,
"EXPLAIN (ANALYZE true, COSTS true, FORMAT json) Select l_commitdate from lineitem ;",14396.17,table_info\lineitem_table_stats.json,
"EXPLAIN (ANALYZE true, COSTS true, FORMAT json) Select l_extendedprice, l_partkey, l_discount, l_orderkey, l_shipdate from lineitem ;",14251.848,table_info\lineitem_table_stats.json,
"EXPLAIN (ANALYZE true, COSTS true, FORMAT json) Select p_comment, p_name, p_size, p_container from part ;",232.856,table_info\part_table_stats.json,
"EXPLAIN (ANALYZE true, COSTS true, FORMAT json) Select ps_comment, ps_availqty from partsupp ;",1111.412,table_info\partsupp_table_stats.json,
"EXPLAIN (ANALYZE true, COSTS true, FORMAT json) Select p_mfgr, p_retailprice, p_brand, p_type, p_partkey, p_comment from part ;",235.548,table_info\part_table_stats.json,
"EXPLAIN (ANALYZE true, COSTS true, FORMAT json) Select c_name, c_acctbal, c_comment, c_phone from customer ;",175.005,table_info\customer_table_stats.json,
"EXPLAIN (ANALYZE true, COSTS true, FORMAT json) Select l_linestatus, l_returnflag, l_shipmode, l_quantity, l_linenumber, l_shipdate from lineitem ;",14043.978,table_info\lineitem_table_stats.json,
"EXPLAIN (ANALYZE true, COSTS true, FORMAT json) Select p_name, p_size, p_container, p_brand, p_type, p_retailprice from part ;",256.984,table_info\part_table_stats.json,
"EXPLAIN (ANALYZE true, COSTS true, FORMAT json) Select c_nationkey, c_address, c_mktsegment, c_acctbal from customer ;",180.162,table_info\customer_table_stats.json,
"EXPLAIN (ANALYZE true, COSTS true, FORMAT json) Select o_orderdate from orders ;",2398.763,table_info\orders_table_stats.json,
"EXPLAIN (ANALYZE true, COSTS true, FORMAT json) Select l_linestatus, l_suppkey, l_extendedprice, l_returnflag, l_discount, l_quantity, l_linenumber, l_tax, l_comment, l_shipdate from lineitem ;",14558.107,table_info\lineitem_table_stats.json,
"EXPLAIN (ANALYZE true, COSTS true, FORMAT json) Select o_clerk, o_totalprice, o_orderstatus, o_orderdate, o_comment, o_orderpriority, o_shippriority, o_orderkey from orders ;",2800.002,table_info\orders_table_stats.json,
"EXPLAIN (ANALYZE true, COSTS true, FORMAT json) Select l_commitdate, l_suppkey, l_extendedprice, l_partkey, l_shipinstruct, l_shipmode, l_receiptdate, l_tax, l_orderkey, l_shipdate from lineitem ;",14267.684,table_info\lineitem_table_stats.json,
"EXPLAIN (ANALYZE true, COSTS true, FORMAT json) Select o_custkey, o_totalprice, o_orderstatus, o_orderdate, o_comment from orders ;",2018.71,table_info\orders_table_stats.json,
"EXPLAIN (ANALYZE true, COSTS true, FORMAT json) Select c_custkey from customer ;",193.494,table_info\customer_table_stats.json,
"EXPLAIN (ANALYZE true, COSTS true, FORMAT json) Select o_shippriority, o_orderkey from orders ;",2840.434,table_info\orders_table_stats.json,
"EXPLAIN (ANALYZE true, COSTS true, FORMAT json) Select p_partkey, p_container, p_size, p_brand from part ;",228.024,table_info\part_table_stats.json,
"EXPLAIN (ANALYZE true, COSTS true, FORMAT json) Select p_retailprice, p_container from part ;",233.183,table_info\part_table_stats.json,
"EXPLAIN (ANALYZE true, COSTS true, FORMAT json) Select c_mktsegment, c_address, c_nationkey, c_name, c_acctbal, c_comment, c_phone, c_custkey from customer ;",182.367,table_info\customer_table_stats.json,
"EXPLAIN (ANALYZE true, COSTS true, FORMAT json) Select l_linestatus, l_commitdate, l_suppkey, l_extendedprice, l_partkey, l_returnflag, l_discount, l_shipinstruct, l_shipmode, l_receiptdate, l_linenumber, l_tax, l_orderkey, l_comment, l_shipdate from lineitem ;",14340.223,table_info\lineitem_table_stats.json,
"EXPLAIN (ANALYZE true, COSTS true, FORMAT json) Select p_mfgr, p_name, p_size, p_retailprice from part ;",243.447,table_info\part_table_stats.json,
"EXPLAIN (ANALYZE true, COSTS true, FORMAT json) Select c_nationkey, c_name, c_comment, c_phone, c_custkey from customer ;",182.821,table_info\customer_table_stats.json,
"EXPLAIN (ANALYZE true, COSTS true, FORMAT json) Select s_address, s_comment from supplier ;",21.444,table_info\supplier_table_stats.json,
"EXPLAIN (ANALYZE true, COSTS true, FORMAT json) Select l_linestatus, l_commitdate, l_returnflag, l_partkey, l_shipmode, l_quantity, l_receiptdate, l_tax from lineitem ;",14211.144,table_info\lineitem_table_stats.json,
"EXPLAIN (ANALYZE true, COSTS true, FORMAT json) Select o_orderpriority, o_orderkey from orders ;",2450.453,table_info\orders_table_stats.json,
"EXPLAIN (ANALYZE true, COSTS true, FORMAT json) Select * from partsupp        left join lineitem on partsupp.ps_partkey=lineitem.l_partkey        where partsupp.ps_partkey > 301367.0 and lineitem.l_partkey > 298307.0 ;",27133.886,table_info\partsupp_table_stats.json,table_info\lineitem_table_stats.json
"EXPLAIN (ANALYZE true, COSTS true, FORMAT json) Select * from part        right join partsupp on part.p_partkey=partsupp.ps_partkey        where part.p_partkey > 100291.0 and partsupp.ps_partkey > 399973.0 ;",1452.251,table_info\part_table_stats.json,table_info\partsupp_table_stats.json
"EXPLAIN (ANALYZE true, COSTS true, FORMAT json) Select * from part        right join partsupp on part.p_partkey=partsupp.ps_partkey        where part.p_partkey > 197904.0 and partsupp.ps_partkey > 301367.0 ;",1889.291,table_info\part_table_stats.json,table_info\partsupp_table_stats.json
"EXPLAIN (ANALYZE true, COSTS true, FORMAT json) Select * from partsupp        left join lineitem on partsupp.ps_suppkey=lineitem.l_suppkey        where partsupp.ps_suppkey > 4998.0 and lineitem.l_suppkey > 20000.0 ;",18005.719,table_info\partsupp_table_stats.json,table_info\lineitem_table_stats.json
"EXPLAIN (ANALYZE true, COSTS true, FORMAT json) Select * from partsupp        left join lineitem on partsupp.ps_partkey=lineitem.l_partkey        where partsupp.ps_partkey > 399973.0 and lineitem.l_partkey > 298307.0 ;",18006.809,table_info\partsupp_table_stats.json,table_info\lineitem_table_stats.json
"EXPLAIN (ANALYZE true, COSTS true, FORMAT json) Select * from orders        left join lineitem on orders.o_orderkey=lineitem.l_orderkey ;",48476.158,table_info\orders_table_stats.json,table_info\lineitem_table_stats.json
"EXPLAIN (ANALYZE true, COSTS true, FORMAT json) Select * from customer        right join orders on customer.c_custkey=orders.o_custkey        where customer.c_custkey > 32.0 and orders.o_custkey > 225127.0 ;",5187.931,table_info\customer_table_stats.json,table_info\orders_table_stats.json
"EXPLAIN (ANALYZE true, COSTS true, FORMAT json) Select * from partsupp        left join lineitem on partsupp.ps_partkey=lineitem.l_partkey        where partsupp.ps_partkey > 301367.0 and lineitem.l_partkey > 199567.0 ;",31770.017,table_info\partsupp_table_stats.json,table_info\lineitem_table_stats.json
"EXPLAIN (ANALYZE true, COSTS true, FORMAT json) Select * from customer        inner join orders on customer.c_custkey=orders.o_custkey        where customer.c_custkey > 32.0 and orders.o_custkey > 7.0 ;",11331.09,table_info\customer_table_stats.json,table_info\orders_table_stats.json
"EXPLAIN (ANALYZE true, COSTS true, FORMAT json) Select * from orders        inner join lineitem on orders.o_orderkey=lineitem.l_orderkey        where orders.o_orderkey > 3003489.0 and lineitem.l_orderkey > 11999872.0 ;",23494.393,table_info\orders_table_stats.json,table_info\lineitem_table_stats.json
"EXPLAIN (ANALYZE true, COSTS true, FORMAT json) Select * from partsupp        inner join lineitem on partsupp.ps_partkey=lineitem.l_partkey        where partsupp.ps_partkey > 12.0 and lineitem.l_partkey > 199567.0 ;",42446.077,table_info\partsupp_table_stats.json,table_info\lineitem_table_stats.json
"EXPLAIN (ANALYZE true, COSTS true, FORMAT json) Select * from region        inner join nation on region.r_regionkey=nation.n_regionkey ;",0.156,table_info\region_table_stats.json,table_info\nation_table_stats.json
"EXPLAIN (ANALYZE true, COSTS true, FORMAT json) Select * from customer        left join orders on customer.c_custkey=orders.o_custkey        where customer.c_custkey > 32.0 and orders.o_custkey > 7.0 ;",11345.937,table_info\customer_table_stats.json,table_info\orders_table_stats.json
"EXPLAIN (ANALYZE true, COSTS true, FORMAT json) Select * from supplier        inner join partsupp on supplier.s_suppkey=partsupp.ps_suppkey        where supplier.s_suppkey > 10037.0 and partsupp.ps_suppkey > 2.0 ;",2292.628,table_info\supplier_table_stats.json,table_info\partsupp_table_stats.json
"EXPLAIN (ANALYZE true, COSTS true, FORMAT json) Select * from customer        right join orders on customer.c_custkey=orders.o_custkey        where customer.c_custkey > 299993.0 and orders.o_custkey > 299999.0 ;",3308.78,table_info\customer_table_stats.json,table_info\orders_table_stats.json
"EXPLAIN (ANALYZE true, COSTS true, FORMAT json) Select * from part        inner join partsupp on part.p_partkey=partsupp.ps_partkey        where part.p_partkey > 1.0 and partsupp.ps_partkey > 399973.0 ;",1912.974,table_info\part_table_stats.json,table_info\partsupp_table_stats.json
"EXPLAIN (ANALYZE true, COSTS true, FORMAT json) Select * from customer        inner join orders on customer.c_custkey=orders.o_custkey        where customer.c_custkey > 149530.0 and orders.o_custkey > 74380.0 ;",7784.831,table_info\customer_table_stats.json,table_info\orders_table_stats.json
"EXPLAIN (ANALYZE true, COSTS true, FORMAT json) Select * from partsupp        right join lineitem on partsupp.ps_suppkey=lineitem.l_suppkey        where partsupp.ps_suppkey > 10033.0 and lineitem.l_suppkey > 14957.0 ;",279978.753,table_info\partsupp_table_stats.json,table_info\lineitem_table_stats.json
"EXPLAIN (ANALYZE true, COSTS true, FORMAT json) Select * from supplier        inner join partsupp on supplier.s_suppkey=partsupp.ps_suppkey        where supplier.s_suppkey > 1.0 and partsupp.ps_suppkey > 10033.0 ;",2220.839,table_info\supplier_table_stats.json,table_info\partsupp_table_stats.json
"EXPLAIN (ANALYZE true, COSTS true, FORMAT json) select ps_supplycost from partsupp            where ps_supplycost > 249.1 ;",54170.986,table_info\partsupp_table_stats.json,
"EXPLAIN (ANALYZE true, COSTS true, FORMAT json) select c_custkey from customer            where c_custkey > 44100.0 ;",6163.446,table_info\customer_table_stats.json,
"EXPLAIN (ANALYZE true, COSTS true, FORMAT json) select c_acctbal from customer            where c_acctbal > 8887.03 ;",2359.864,table_info\customer_table_stats.json,
"EXPLAIN (ANALYZE true, COSTS true, FORMAT json) select c_custkey from customer            where c_custkey > 14510.0 ;",5640.903,table_info\customer_table_stats.json,
"EXPLAIN (ANALYZE true, COSTS true, FORMAT json) select ps_suppkey from partsupp            where ps_suppkey > 4998.0 ;",28889.346,table_info\partsupp_table_stats.json,
"EXPLAIN (ANALYZE true, COSTS true, FORMAT json) select o_custkey from orders            where o_custkey > 270250.0 ;",58078.589,table_info\orders_table_stats.json,
"EXPLAIN (ANALYZE true, COSTS true, FORMAT json) Select * from part         join partsupp on part.p_partkey=partsupp.ps_partkey        where part.p_partkey > 1.0 and partsupp.ps_partkey > 199562.0 ;",4146.016,table_info\part_table_stats.json,table_info\partsupp_table_stats.json
"EXPLAIN (ANALYZE true, COSTS true, FORMAT json) Select * from customer         join orders on customer.c_custkey=orders.o_custkey        where customer.c_custkey > 149530.0 and orders.o_custkey > 74380.0 ;",7819.221,table_info\customer_table_stats.json,table_info\orders_table_stats.json
"EXPLAIN (ANALYZE true, COSTS true, FORMAT json) Select * from part         join partsupp on part.p_partkey=partsupp.ps_partkey        where part.p_partkey > 399980.0 and partsupp.ps_partkey > 301367.0 ;",1123.444,table_info\part_table_stats.json,table_info\partsupp_table_stats.json
"EXPLAIN (ANALYZE true, COSTS true, FORMAT json) Select * from part         join partsupp on part.p_partkey=partsupp.ps_partkey        where part.p_partkey > 399980.0 and partsupp.ps_partkey > 199562.0 ;",2327.345,table_info\part_table_stats.json,table_info\partsupp_table_stats.json
"EXPLAIN (ANALYZE true, COSTS true, FORMAT json) Select * from customer         join orders on customer.c_custkey=orders.o_custkey        where customer.c_custkey > 73876.0 and orders.o_custkey > 149324.0 ;",7276.094,table_info\customer_table_stats.json,table_info\orders_table_stats.json
"EXPLAIN (ANALYZE true, COSTS true, FORMAT json) Select * from customer         join orders on customer.c_custkey=orders.o_custkey        where customer.c_custkey > 32.0 and orders.o_custkey > 299999.0 ;",3596.478,table_info\customer_table_stats.json,table_info\orders_table_stats.json
"EXPLAIN (ANALYZE true, COSTS true, FORMAT json) Select * from part         join partsupp on part.p_partkey=partsupp.ps_partkey        where part.p_partkey > 298062.0 and partsupp.ps_partkey > 301367.0 ;",2030.049,table_info\part_table_stats.json,table_info\partsupp_table_stats.json
"EXPLAIN (ANALYZE true, COSTS true, FORMAT json) Select * from part         join partsupp on part.p_partkey=partsupp.ps_partkey        where part.p_partkey > 197904.0 and partsupp.ps_partkey > 12.0 ;",4958.232,table_info\part_table_stats.json,table_info\partsupp_table_stats.json
"EXPLAIN (ANALYZE true, COSTS true, FORMAT json) Select * from supplier         join partsupp on supplier.s_suppkey=partsupp.ps_suppkey        where supplier.s_suppkey > 5034.0 and partsupp.ps_suppkey > 20000.0 ;",377.796,table_info\supplier_table_stats.json,table_info\partsupp_table_stats.json
"EXPLAIN (ANALYZE true, COSTS true, FORMAT json) Select * from part         join partsupp on part.p_partkey=partsupp.ps_partkey        where part.p_partkey > 197904.0 and partsupp.ps_partkey > 199562.0 ;",3408.074,table_info\part_table_stats.json,table_info\partsupp_table_stats.json
"EXPLAIN (ANALYZE true, COSTS true, FORMAT json) Select * from part         join partsupp on part.p_partkey=partsupp.ps_partkey        where part.p_partkey > 298062.0 and partsupp.ps_partkey > 199562.0 ;",2239.741,table_info\part_table_stats.json,table_info\partsupp_table_stats.json
"EXPLAIN (ANALYZE true, COSTS true, FORMAT json) Select * from part         join partsupp on part.p_partkey=partsupp.ps_partkey        where part.p_partkey > 100291.0 and partsupp.ps_partkey > 301367.0 ;",2723.598,table_info\part_table_stats.json,table_info\partsupp_table_stats.json
"EXPLAIN (ANALYZE true, COSTS true, FORMAT json) Select * from supplier         join partsupp on supplier.s_suppkey=partsupp.ps_suppkey        where supplier.s_suppkey > 10037.0 and partsupp.ps_suppkey > 10033.0 ;",1979.762,table_info\supplier_table_stats.json,table_info\partsupp_table_stats.json
"EXPLAIN (ANALYZE true, COSTS true, FORMAT json) Select * from part         join partsupp on part.p_partkey=partsupp.ps_partkey        where part.p_partkey > 100291.0 and partsupp.ps_partkey > 99956.0 ;",4970.127,table_info\part_table_stats.json,table_info\partsupp_table_stats.json
"EXPLAIN (ANALYZE true, COSTS true, FORMAT json) Select * from customer         join orders on customer.c_custkey=orders.o_custkey        where customer.c_custkey > 149530.0 and orders.o_custkey > 225127.0 ;",4847.051,table_info\customer_table_stats.json,table_info\orders_table_stats.json
"EXPLAIN (ANALYZE true, COSTS true, FORMAT json) Select * from customer         join orders on customer.c_custkey=orders.o_custkey        where customer.c_custkey > 224101.0 and orders.o_custkey > 299999.0 ;",3467.245,table_info\customer_table_stats.json,table_info\orders_table_stats.json
"EXPLAIN (ANALYZE true, COSTS true, FORMAT json) Select * from customer         join orders on customer.c_custkey=orders.o_custkey        where customer.c_custkey > 224101.0 and orders.o_custkey > 74380.0 ;",6804.248,table_info\customer_table_stats.json,table_info\orders_table_stats.json
"EXPLAIN (ANALYZE true, COSTS true, FORMAT json) Select * from supplier         join nation on supplier.s_nationkey=nation.n_nationkey ;",42.968,table_info\supplier_table_stats.json,table_info\nation_table_stats.json
"EXPLAIN (ANALYZE true, COSTS true, FORMAT json) Select * from customer         join orders on customer.c_custkey=orders.o_custkey        where customer.c_custkey > 32.0 and orders.o_custkey > 7.0 ;",11487.22,table_info\customer_table_stats.json,table_info\orders_table_stats.json
"EXPLAIN (ANALYZE true, COSTS true, FORMAT json) Select * from supplier         join partsupp on supplier.s_suppkey=partsupp.ps_suppkey        where supplier.s_suppkey > 5034.0 and partsupp.ps_suppkey > 4998.0 ;",3109.232,table_info\supplier_table_stats.json,table_info\partsupp_table_stats.json
"EXPLAIN (ANALYZE true, COSTS true, FORMAT json) Select * from supplier         join partsupp on supplier.s_suppkey=partsupp.ps_suppkey        where supplier.s_suppkey > 20000.0 and partsupp.ps_suppkey > 4998.0 ;",8.28,table_info\supplier_table_stats.json,table_info\partsupp_table_stats.json
"EXPLAIN (ANALYZE true, COSTS true, FORMAT json) Select * from supplier         join partsupp on supplier.s_suppkey=partsupp.ps_suppkey        where supplier.s_suppkey > 20000.0 and partsupp.ps_suppkey > 10033.0 ;",8.333,table_info\supplier_table_stats.json,table_info\partsupp_table_stats.json
"EXPLAIN (ANALYZE true, COSTS true, FORMAT json) Select * from part         join partsupp on part.p_partkey=partsupp.ps_partkey        where part.p_partkey > 298062.0 and partsupp.ps_partkey > 399973.0 ;",646.953,table_info\part_table_stats.json,table_info\partsupp_table_stats.json
"EXPLAIN (ANALYZE true, COSTS true, FORMAT json) Select * from part         join partsupp on part.p_partkey=partsupp.ps_partkey        where part.p_partkey > 1.0 and partsupp.ps_partkey > 301367.0 ;",3206.96,table_info\part_table_stats.json,table_info\partsupp_table_stats.json
"EXPLAIN (ANALYZE true, COSTS true, FORMAT json) Select * from supplier         join partsupp on supplier.s_suppkey=partsupp.ps_suppkey        where supplier.s_suppkey > 1.0 and partsupp.ps_suppkey > 20000.0 ;",368.183,table_info\supplier_table_stats.json,table_info\partsupp_table_stats.json
"EXPLAIN (ANALYZE true, COSTS true, FORMAT json) Select * from customer         join orders on customer.c_custkey=orders.o_custkey        where customer.c_custkey > 32.0 and orders.o_custkey > 149324.0 ;",7541.829,table_info\customer_table_stats.json,table_info\orders_table_stats.json
"EXPLAIN (ANALYZE true, COSTS true, FORMAT json) Select * from supplier         join partsupp on supplier.s_suppkey=partsupp.ps_suppkey        where supplier.s_suppkey > 1.0 and partsupp.ps_suppkey > 4998.0 ;",3626.001,table_info\supplier_table_stats.json,table_info\partsupp_table_stats.json
"EXPLAIN (ANALYZE true, COSTS true, FORMAT json) Select * from supplier         join partsupp on supplier.s_suppkey=partsupp.ps_suppkey        where supplier.s_suppkey > 20000.0 and partsupp.ps_suppkey > 2.0 ;",8.51,table_info\supplier_table_stats.json,table_info\partsupp_table_stats.json
"EXPLAIN (ANALYZE true, COSTS true, FORMAT json) select o_totalprice from orders            where o_totalprice > 103144.79 ;",2842.128,table_info\orders_table_stats.json,
"EXPLAIN (ANALYZE true, COSTS true, FORMAT json) select r_regionkey from region            where r_regionkey > 3.0 ;",0.052,table_info\region_table_stats.json,
"EXPLAIN (ANALYZE true, COSTS true, FORMAT json) select o_orderkey from orders            where o_orderkey > 930.0 ;",2534.497,table_info\orders_table_stats.json,
"EXPLAIN (ANALYZE true, COSTS true, FORMAT json) select l_suppkey from lineitem            where l_suppkey > 4000.0 ;",13732.709,table_info\lineitem_table_stats.json,
"EXPLAIN (ANALYZE true, COSTS true, FORMAT json) select c_custkey from customer            where c_custkey > 299993.0 ;",87.878,table_info\customer_table_stats.json,
"EXPLAIN (ANALYZE true, COSTS true, FORMAT json) select p_partkey from part            where p_partkey > 120913.0 ;",217.235,table_info\part_table_stats.json,
"EXPLAIN (ANALYZE true, COSTS true, FORMAT json) select ps_suppkey from partsupp            where ps_suppkey > 4998.0 ;",1029.037,table_info\partsupp_table_stats.json,
"EXPLAIN (ANALYZE true, COSTS true, FORMAT json) select ps_suppkey from partsupp            where ps_suppkey > 1996.0 ;",993.002,table_info\partsupp_table_stats.json,
"EXPLAIN (ANALYZE true, COSTS true, FORMAT json) select l_extendedprice from lineitem            where l_extendedprice > 47701.83 ;",14273.195,table_info\lineitem_table_stats.json,
"EXPLAIN (ANALYZE true, COSTS true, FORMAT json) select ps_availqty from partsupp            where ps_availqty > 5500.0 ;",679.125,table_info\partsupp_table_stats.json,
"EXPLAIN (ANALYZE true, COSTS true, FORMAT json) select ps_suppkey from partsupp            where ps_suppkey > 18967.0 ;",405.2,table_info\partsupp_table_stats.json,
"EXPLAIN (ANALYZE true, COSTS true, FORMAT json) select s_acctbal from supplier            where s_acctbal > 8921.28 ;",10.173,table_info\supplier_table_stats.json,
"EXPLAIN (ANALYZE true, COSTS true, FORMAT json) select o_orderkey from orders            where o_orderkey > 1187014.0 ;",2594.004,table_info\orders_table_stats.json,
"EXPLAIN (ANALYZE true, COSTS true, FORMAT json) select p_retailprice from part            where p_retailprice > 1850.91 ;",133.223,table_info\part_table_stats.json,
"EXPLAIN (ANALYZE true, COSTS true, FORMAT json) select ps_suppkey from partsupp            where ps_suppkey > 15002.0 ;",869.767,table_info\partsupp_table_stats.json,
"EXPLAIN (ANALYZE true, COSTS true, FORMAT json) select l_extendedprice from lineitem            where l_extendedprice > 15242.31 ;",14332.998,table_info\lineitem_table_stats.json,
"EXPLAIN (ANALYZE true, COSTS true, FORMAT json) select ps_partkey from partsupp            where ps_partkey > 99956.0 ;",830.499,table_info\partsupp_table_stats.json,
"EXPLAIN (ANALYZE true, COSTS true, FORMAT json) select ps_partkey from partsupp            where ps_partkey > 341618.0 ;",444.633,table_info\partsupp_table_stats.json,
"EXPLAIN (ANALYZE true, COSTS true, FORMAT json) select ps_partkey from partsupp            where ps_partkey > 399973.0 ;",353.329,table_info\partsupp_table_stats.json,
"EXPLAIN (ANALYZE true, COSTS true, FORMAT json) select l_extendedprice from lineitem            where l_extendedprice > 55105.92 ;",14277.777,table_info\lineitem_table_stats.json,
"EXPLAIN (ANALYZE true, COSTS true, FORMAT json) select ps_suppkey from partsupp            where ps_suppkey > 10033.0 ;",718.918,table_info\partsupp_table_stats.json,
"EXPLAIN (ANALYZE true, COSTS true, FORMAT json) select o_orderkey from orders            where o_orderkey > 10184768.0 ;",2359.742,table_info\orders_table_stats.json,
"EXPLAIN (ANALYZE true, COSTS true, FORMAT json) select l_suppkey from lineitem            where l_suppkey > 3011.0 ;",14281.83,table_info\lineitem_table_stats.json,
"EXPLAIN (ANALYZE true, COSTS true, FORMAT json) select o_totalprice from orders            where o_totalprice > 199901.69 ;",2363.022,table_info\orders_table_stats.json,
"EXPLAIN (ANALYZE true, COSTS true, FORMAT json) select l_partkey from lineitem            where l_partkey > 379476.0 ;",13806.723,table_info\lineitem_table_stats.json,
"EXPLAIN (ANALYZE true, COSTS true, FORMAT json) select c_acctbal from customer            where c_acctbal > 5013.51 ;",166.748,table_info\customer_table_stats.json,
"EXPLAIN (ANALYZE true, COSTS true, FORMAT json) select s_acctbal from supplier            where s_acctbal > 8379.6 ;",11.017,table_info\supplier_table_stats.json,
"EXPLAIN (ANALYZE true, COSTS true, FORMAT json) select l_suppkey from lineitem            where l_suppkey > 20000.0 ;",14308.12,table_info\lineitem_table_stats.json,
"EXPLAIN (ANALYZE true, COSTS true, FORMAT json) select l_orderkey from lineitem            where l_orderkey > 595810.0 ;",14382.913,table_info\lineitem_table_stats.json,
"EXPLAIN (ANALYZE true, COSTS true, FORMAT json) select ps_availqty from partsupp            where ps_availqty > 7034.0 ;",886.61,table_info\partsupp_table_stats.json,
"EXPLAIN (ANALYZE true, COSTS true, FORMAT json) select ps_supplycost from partsupp            where ps_supplycost > 149.4 ;",887.724,table_info\partsupp_table_stats.json,
"EXPLAIN (ANALYZE true, COSTS true, FORMAT json) select p_retailprice from part            where p_retailprice > 1148.1 ;",241.147,table_info\part_table_stats.json,
"EXPLAIN (ANALYZE true, COSTS true, FORMAT json) select o_custkey from orders            where o_custkey > 179866.0 ;",2391.193,table_info\orders_table_stats.json,
"EXPLAIN (ANALYZE true, COSTS true, FORMAT json) select l_partkey from lineitem            where l_partkey > 19251.0 ;",13857.095,table_info\lineitem_table_stats.json,
"EXPLAIN (ANALYZE true, COSTS true, FORMAT json) select l_extendedprice from lineitem            where l_extendedprice > 29909.76 ;",14945.792,table_info\lineitem_table_stats.json,
"EXPLAIN (ANALYZE true, COSTS true, FORMAT json) select ps_partkey from partsupp            where ps_partkey > 220371.0 ;",648.244,table_info\partsupp_table_stats.json,
"EXPLAIN (ANALYZE true, COSTS true, FORMAT json) select s_suppkey from supplier            where s_suppkey > 8040.0 ;",35.289,table_info\supplier_table_stats.json,
"EXPLAIN (ANALYZE true, COSTS true, FORMAT json) select ps_availqty from partsupp            where ps_availqty > 995.0 ;",937.678,table_info\partsupp_table_stats.json,
"EXPLAIN (ANALYZE true, COSTS true, FORMAT json) select o_orderkey from orders            where o_orderkey > 10810465.0 ;",2369.699,table_info\orders_table_stats.json,
"EXPLAIN (ANALYZE true, COSTS true, FORMAT json) select p_partkey from part            where p_partkey > 278756.0 ;",143.82,table_info\part_table_stats.json,
"EXPLAIN (ANALYZE true, COSTS true, FORMAT json) select p_retailprice from part            where p_retailprice > 1901.91 ;",125.231,table_info\part_table_stats.json,
"EXPLAIN (ANALYZE true, COSTS true, FORMAT json) select r_regionkey from region            where r_regionkey > 4.0 ;",0.043,table_info\region_table_stats.json,
"EXPLAIN (ANALYZE true, COSTS true, FORMAT json) select ps_suppkey from partsupp            where ps_suppkey > 9026.0 ;",715.658,table_info\partsupp_table_stats.json,
"EXPLAIN (ANALYZE true, COSTS true, FORMAT json) select p_partkey from part            where p_partkey > 1.0 ;",242.202,table_info\part_table_stats.json,
"EXPLAIN (ANALYZE true, COSTS true, FORMAT json) select ps_suppkey from partsupp            where ps_suppkey > 6026.0 ;",802.94,table_info\partsupp_table_stats.json,
"EXPLAIN (ANALYZE true, COSTS true, FORMAT json) select l_suppkey from lineitem            where l_suppkey > 7009.0 ;",14242.065,table_info\lineitem_table_stats.json,
"EXPLAIN (ANALYZE true, COSTS true, FORMAT json) select l_orderkey from lineitem            where l_orderkey > 2348356.0 ;",14396.566,table_info\lineitem_table_stats.json,
"EXPLAIN (ANALYZE true, COSTS true, FORMAT json) select l_partkey from lineitem            where l_partkey > 138634.0 ;",14357.162,table_info\lineitem_table_stats.json,
"EXPLAIN (ANALYZE true, COSTS true, FORMAT json) select ps_partkey from partsupp            where ps_partkey > 199562.0 ;",667.224,table_info\partsupp_table_stats.json,
"EXPLAIN (ANALYZE true, COSTS true, FORMAT json) select l_suppkey from lineitem            where l_suppkey > 11007.0 ;",14167.266,table_info\lineitem_table_stats.json,
"EXPLAIN (ANALYZE true, COSTS true, FORMAT json) Select * from supplier         join partsupp on supplier.s_suppkey=partsupp.ps_suppkey        where supplier.s_suppkey > 5034.0 and partsupp.ps_suppkey > 10033.0 ;",2424.952,table_info\supplier_table_stats.json,table_info\partsupp_table_stats.json
"EXPLAIN (ANALYZE true, COSTS true, FORMAT json) Select * from part         join partsupp on part.p_partkey=partsupp.ps_partkey        where part.p_partkey > 197904.0 and partsupp.ps_partkey > 12.0 ;",5245.947,table_info\part_table_stats.json,table_info\partsupp_table_stats.json
"EXPLAIN (ANALYZE true, COSTS true, FORMAT json) Select * from customer         join orders on customer.c_custkey=orders.o_custkey ;",9028.506,table_info\customer_table_stats.json,table_info\orders_table_stats.json
"EXPLAIN (ANALYZE true, COSTS true, FORMAT json) Select * from customer         join orders on customer.c_custkey=orders.o_custkey        where customer.c_custkey > 299993.0 and orders.o_custkey > 225127.0 ;",4126.08,table_info\customer_table_stats.json,table_info\orders_table_stats.json
"EXPLAIN (ANALYZE true, COSTS true, FORMAT json) Select * from part         join partsupp on part.p_partkey=partsupp.ps_partkey        where part.p_partkey > 1.0 and partsupp.ps_partkey > 301367.0 ;",3388.476,table_info\part_table_stats.json,table_info\partsupp_table_stats.json
"EXPLAIN (ANALYZE true, COSTS true, FORMAT json) Select * from part         join partsupp on part.p_partkey=partsupp.ps_partkey        where part.p_partkey > 298062.0 and partsupp.ps_partkey > 301367.0 ;",2062.132,table_info\part_table_stats.json,table_info\partsupp_table_stats.json
"EXPLAIN (ANALYZE true, COSTS true, FORMAT json) Select * from supplier         join partsupp on supplier.s_suppkey=partsupp.ps_suppkey ;",3910.481,table_info\supplier_table_stats.json,table_info\partsupp_table_stats.json
"EXPLAIN (ANALYZE true, COSTS true, FORMAT json) Select * from customer         join orders on customer.c_custkey=orders.o_custkey        where customer.c_custkey > 149530.0 and orders.o_custkey > 299999.0 ;",3403.337,table_info\customer_table_stats.json,table_info\orders_table_stats.json
"EXPLAIN (ANALYZE true, COSTS true, FORMAT json) Select * from customer         join orders on customer.c_custkey=orders.o_custkey        where customer.c_custkey > 73876.0 and orders.o_custkey > 149324.0 ;",6968.084,table_info\customer_table_stats.json,table_info\orders_table_stats.json
"EXPLAIN (ANALYZE true, COSTS true, FORMAT json) Select * from supplier         join partsupp on supplier.s_suppkey=partsupp.ps_suppkey        where supplier.s_suppkey > 1.0 and partsupp.ps_suppkey > 4998.0 ;",3159.408,table_info\supplier_table_stats.json,table_info\partsupp_table_stats.json
"EXPLAIN (ANALYZE true, COSTS true, FORMAT json) Select * from customer         join orders on customer.c_custkey=orders.o_custkey        where customer.c_custkey > 224101.0 and orders.o_custkey > 7.0 ;",8732.948,table_info\customer_table_stats.json,table_info\orders_table_stats.json
"EXPLAIN (ANALYZE true, COSTS true, FORMAT json) Select * from supplier         join partsupp on supplier.s_suppkey=partsupp.ps_suppkey        where supplier.s_suppkey > 10037.0 and partsupp.ps_suppkey > 10033.0 ;",1808.744,table_info\supplier_table_stats.json,table_info\partsupp_table_stats.json
"EXPLAIN (ANALYZE true, COSTS true, FORMAT json) Select * from supplier         join partsupp on supplier.s_suppkey=partsupp.ps_suppkey        where supplier.s_suppkey > 15018.0 and partsupp.ps_suppkey > 20000.0 ;",452.533,table_info\supplier_table_stats.json,table_info\partsupp_table_stats.json
"EXPLAIN (ANALYZE true, COSTS true, FORMAT json) Select * from part         join partsupp on part.p_partkey=partsupp.ps_partkey        where part.p_partkey > 197904.0 and partsupp.ps_partkey > 301367.0 ;",2579.342,table_info\part_table_stats.json,table_info\partsupp_table_stats.json
"EXPLAIN (ANALYZE true, COSTS true, FORMAT json) Select * from part         join partsupp on part.p_partkey=partsupp.ps_partkey        where part.p_partkey > 298062.0 and partsupp.ps_partkey > 199562.0 ;",2465.398,table_info\part_table_stats.json,table_info\partsupp_table_stats.json
"EXPLAIN (ANALYZE true, COSTS true, FORMAT json) Select * from part         join partsupp on part.p_partkey=partsupp.ps_partkey        where part.p_partkey > 100291.0 and partsupp.ps_partkey > 12.0 ;",5530.401,table_info\part_table_stats.json,table_info\partsupp_table_stats.json
"EXPLAIN (ANALYZE true, COSTS true, FORMAT json) Select * from part         join partsupp on part.p_partkey=partsupp.ps_partkey        where part.p_partkey > 197904.0 and partsupp.ps_partkey > 399973.0 ;",1473.592,table_info\part_table_stats.json,table_info\partsupp_table_stats.json
"EXPLAIN (ANALYZE true, COSTS true, FORMAT json) Select * from part         join partsupp on part.p_partkey=partsupp.ps_partkey        where part.p_partkey > 197904.0 and partsupp.ps_partkey > 199562.0 ;",3935.497,table_info\part_table_stats.json,table_info\partsupp_table_stats.json
"EXPLAIN (ANALYZE true, COSTS true, FORMAT json) Select * from part         join partsupp on part.p_partkey=partsupp.ps_partkey        where part.p_partkey > 399980.0 and partsupp.ps_partkey > 399973.0 ;",546.215,table_info\part_table_stats.json,table_info\partsupp_table_stats.json
"EXPLAIN (ANALYZE true, COSTS true, FORMAT json) Select * from part         join partsupp on part.p_partkey=partsupp.ps_partkey        where part.p_partkey > 399980.0 and partsupp.ps_partkey > 301367.0 ;",1120.13,table_info\part_table_stats.json,table_info\partsupp_table_stats.json
"EXPLAIN (ANALYZE true, COSTS true, FORMAT json) Select * from part         join partsupp on part.p_partkey=partsupp.ps_partkey ;",5189.81,table_info\part_table_stats.json,table_info\partsupp_table_stats.json
"EXPLAIN (ANALYZE true, COSTS true, FORMAT json) Select * from supplier         join partsupp on supplier.s_suppkey=partsupp.ps_suppkey        where supplier.s_suppkey > 5034.0 and partsupp.ps_suppkey > 20000.0 ;",389.439,table_info\supplier_table_stats.json,table_info\partsupp_table_stats.json
"EXPLAIN (ANALYZE true, COSTS true, FORMAT json) Select * from supplier         join partsupp on supplier.s_suppkey=partsupp.ps_suppkey        where supplier.s_suppkey > 20000.0 and partsupp.ps_suppkey > 15002.0 ;",9.249,table_info\supplier_table_stats.json,table_info\partsupp_table_stats.json
"EXPLAIN (ANALYZE true, COSTS true, FORMAT json) Select * from part         join partsupp on part.p_partkey=partsupp.ps_partkey        where part.p_partkey > 399980.0 and partsupp.ps_partkey > 12.0 ;",3540.551,table_info\part_table_stats.json,table_info\partsupp_table_stats.json
"EXPLAIN (ANALYZE true, COSTS true, FORMAT json) Select * from supplier         join partsupp on supplier.s_suppkey=partsupp.ps_suppkey        where supplier.s_suppkey > 15018.0 and partsupp.ps_suppkey > 10033.0 ;",1360.405,table_info\supplier_table_stats.json,table_info\partsupp_table_stats.json
"EXPLAIN (ANALYZE true, COSTS true, FORMAT json) Select * from customer         join orders on customer.c_custkey=orders.o_custkey        where customer.c_custkey > 32.0 and orders.o_custkey > 225127.0 ;",5152.756,table_info\customer_table_stats.json,table_info\orders_table_stats.json
"EXPLAIN (ANALYZE true, COSTS true, FORMAT json) Select * from customer         join orders on customer.c_custkey=orders.o_custkey        where customer.c_custkey > 32.0 and orders.o_custkey > 7.0 ;",11666.164,table_info\customer_table_stats.json,table_info\orders_table_stats.json
"EXPLAIN (ANALYZE true, COSTS true, FORMAT json) Select * from part         join partsupp on part.p_partkey=partsupp.ps_partkey        where part.p_partkey > 1.0 and partsupp.ps_partkey > 12.0 ;",7909.202,table_info\part_table_stats.json,table_info\partsupp_table_stats.json
"EXPLAIN (ANALYZE true, COSTS true, FORMAT json) Select * from supplier         join partsupp on supplier.s_suppkey=partsupp.ps_suppkey        where supplier.s_suppkey > 1.0 and partsupp.ps_suppkey > 2.0 ;",4177.824,table_info\supplier_table_stats.json,table_info\partsupp_table_stats.json
"EXPLAIN (ANALYZE true, COSTS true, FORMAT json) Select * from part         join partsupp on part.p_partkey=partsupp.ps_partkey        where part.p_partkey > 399980.0 and partsupp.ps_partkey > 99956.0 ;",2566.175,table_info\part_table_stats.json,table_info\partsupp_table_stats.json
"EXPLAIN (ANALYZE true, COSTS true, FORMAT json) Select * from supplier         join partsupp on supplier.s_suppkey=partsupp.ps_suppkey        where supplier.s_suppkey > 5034.0 and partsupp.ps_suppkey > 15002.0 ;",1249.757,table_info\supplier_table_stats.json,table_info\partsupp_table_stats.json
"EXPLAIN (ANALYZE true, COSTS true, FORMAT json) Select * from supplier         join nation on supplier.s_nationkey=nation.n_nationkey ;",42.914,table_info\supplier_table_stats.json,table_info\nation_table_stats.json
"EXPLAIN (ANALYZE true, COSTS true, FORMAT json) Select * from customer         join orders on customer.c_custkey=orders.o_custkey        where customer.c_custkey > 73876.0 and orders.o_custkey > 74380.0 ;",9360.964,table_info\customer_table_stats.json,table_info\orders_table_stats.json
"EXPLAIN (ANALYZE true, COSTS true, FORMAT json) Select * from part         join partsupp on part.p_partkey=partsupp.ps_partkey        where part.p_partkey > 1.0 and partsupp.ps_partkey > 199562.0 ;",4868.887,table_info\part_table_stats.json,table_info\partsupp_table_stats.json
"EXPLAIN (ANALYZE true, COSTS true, FORMAT json) Select * from supplier         join partsupp on supplier.s_suppkey=partsupp.ps_suppkey        where supplier.s_suppkey > 1.0 and partsupp.ps_suppkey > 10033.0 ;",2128.946,table_info\supplier_table_stats.json,table_info\partsupp_table_stats.json
"EXPLAIN (ANALYZE true, COSTS true, FORMAT json) Select * from customer         join orders on customer.c_custkey=orders.o_custkey        where customer.c_custkey > 149530.0 and orders.o_custkey > 225127.0 ;",4783.134,table_info\customer_table_stats.json,table_info\orders_table_stats.json
"EXPLAIN (ANALYZE true, COSTS true, FORMAT json) Select * from customer         join orders on customer.c_custkey=orders.o_custkey        where customer.c_custkey > 32.0 and orders.o_custkey > 299999.0 ;",4126.591,table_info\customer_table_stats.json,table_info\orders_table_stats.json
"EXPLAIN (ANALYZE true, COSTS true, FORMAT json) Select * from customer         join orders on customer.c_custkey=orders.o_custkey        where customer.c_custkey > 32.0 and orders.o_custkey > 149324.0 ;",7213.241,table_info\customer_table_stats.json,table_info\orders_table_stats.json
"EXPLAIN (ANALYZE true, COSTS true, FORMAT json) Select * from customer         join orders on customer.c_custkey=orders.o_custkey        where customer.c_custkey > 149530.0 and orders.o_custkey > 74380.0 ;",8009.454,table_info\customer_table_stats.json,table_info\orders_table_stats.json
"EXPLAIN (ANALYZE true, COSTS true, FORMAT json) Select * from region         join nation on region.r_regionkey=nation.n_regionkey ;",0.155,table_info\region_table_stats.json,table_info\nation_table_stats.json
"EXPLAIN (ANALYZE true, COSTS true, FORMAT json) Select * from supplier         join partsupp on supplier.s_suppkey=partsupp.ps_suppkey        where supplier.s_suppkey > 10037.0 and partsupp.ps_suppkey > 20000.0 ;",372.492,table_info\supplier_table_stats.json,table_info\partsupp_table_stats.json
"EXPLAIN (ANALYZE true, COSTS true, FORMAT json) Select * from customer         join orders on customer.c_custkey=orders.o_custkey        where customer.c_custkey > 299993.0 and orders.o_custkey > 7.0 ;",8234.241,table_info\customer_table_stats.json,table_info\orders_table_stats.json
"EXPLAIN (ANALYZE true, COSTS true, FORMAT json) Select * from supplier         join partsupp on supplier.s_suppkey=partsupp.ps_suppkey        where supplier.s_suppkey > 20000.0 and partsupp.ps_suppkey > 4998.0 ;",8.333,table_info\supplier_table_stats.json,table_info\partsupp_table_stats.json
"EXPLAIN (ANALYZE true, COSTS true, FORMAT json) Select * from customer         join orders on customer.c_custkey=orders.o_custkey        where customer.c_custkey > 299993.0 and orders.o_custkey > 299999.0 ;",3444.726,table_info\customer_table_stats.json,table_info\orders_table_stats.json
"EXPLAIN (ANALYZE true, COSTS true, FORMAT json) Select * from customer         join orders on customer.c_custkey=orders.o_custkey        where customer.c_custkey > 299993.0 and orders.o_custkey > 149324.0 ;",5453.03,table_info\customer_table_stats.json,table_info\orders_table_stats.json
"EXPLAIN (ANALYZE true, COSTS true, FORMAT json) Select * from supplier         join partsupp on supplier.s_suppkey=partsupp.ps_suppkey        where supplier.s_suppkey > 10037.0 and partsupp.ps_suppkey > 15002.0 ;",1197.284,table_info\supplier_table_stats.json,table_info\partsupp_table_stats.json
"EXPLAIN (ANALYZE true, COSTS true, FORMAT json) Select * from customer         join orders on customer.c_custkey=orders.o_custkey        where customer.c_custkey > 73876.0 and orders.o_custkey > 225127.0 ;",5048.914,table_info\customer_table_stats.json,table_info\orders_table_stats.json
"EXPLAIN (ANALYZE true, COSTS true, FORMAT json) Select * from part         join partsupp on part.p_partkey=partsupp.ps_partkey        where part.p_partkey > 100291.0 and partsupp.ps_partkey > 301367.0 ;",2678.143,table_info\part_table_stats.json,table_info\partsupp_table_stats.json
"EXPLAIN (ANALYZE true, COSTS true, FORMAT json) Select * from supplier         join partsupp on supplier.s_suppkey=partsupp.ps_suppkey        where supplier.s_suppkey > 10037.0 and partsupp.ps_suppkey > 4998.0 ;",2279.716,table_info\supplier_table_stats.json,table_info\partsupp_table_stats.json
"EXPLAIN (ANALYZE true, COSTS true, FORMAT json) Select * from supplier         join partsupp on supplier.s_suppkey=partsupp.ps_suppkey        where supplier.s_suppkey > 1.0 and partsupp.ps_suppkey > 15002.0 ;",1321.222,table_info\supplier_table_stats.json,table_info\partsupp_table_stats.json
"EXPLAIN (ANALYZE true, COSTS true, FORMAT json) select l_orderkey from lineitem            where l_orderkey > 595810.0 ;",13745.876,table_info\lineitem_table_stats.json,
"EXPLAIN (ANALYZE true, COSTS true, FORMAT json) select l_partkey from lineitem            where l_partkey > 19251.0 ;",13860.647,table_info\lineitem_table_stats.json,
"EXPLAIN (ANALYZE true, COSTS true, FORMAT json) select p_partkey from part            where p_partkey > 278756.0 ;",152.695,table_info\part_table_stats.json,
"EXPLAIN (ANALYZE true, COSTS true, FORMAT json) select o_orderkey from orders            where o_orderkey > 4197987.0 ;",2442.675,table_info\orders_table_stats.json,
"EXPLAIN (ANALYZE true, COSTS true, FORMAT json) select ps_availqty from partsupp            where ps_availqty > 6526.0 ;",733.321,table_info\partsupp_table_stats.json,
"EXPLAIN (ANALYZE true, COSTS true, FORMAT json) select l_extendedprice from lineitem            where l_extendedprice > 33391.34 ;",14283.369,table_info\lineitem_table_stats.json,
"EXPLAIN (ANALYZE true, COSTS true, FORMAT json) select p_retailprice from part            where p_retailprice > 1197.17 ;",232.036,table_info\part_table_stats.json,
"EXPLAIN (ANALYZE true, COSTS true, FORMAT json) select s_acctbal from supplier            where s_acctbal > 5621.87 ;",15.175,table_info\supplier_table_stats.json,
"EXPLAIN (ANALYZE true, COSTS true, FORMAT json) select o_totalprice from orders            where o_totalprice > 77685.24 ;",2749.843,table_info\orders_table_stats.json,
"EXPLAIN (ANALYZE true, COSTS true, FORMAT json) select c_custkey from customer            where c_custkey > 133920.0 ;",165.772,table_info\customer_table_stats.json,
"EXPLAIN (ANALYZE true, COSTS true, FORMAT json) select l_orderkey from lineitem            where l_orderkey > 10203968.0 ;",14383.163,table_info\lineitem_table_stats.json,
"EXPLAIN (ANALYZE true, COSTS true, FORMAT json) select r_regionkey from region            where r_regionkey > 4.0 ;",0.045,table_info\region_table_stats.json,
"EXPLAIN (ANALYZE true, COSTS true, FORMAT json) select l_suppkey from lineitem            where l_suppkey > 6021.0 ;",13868.268,table_info\lineitem_table_stats.json,
"EXPLAIN (ANALYZE true, COSTS true, FORMAT json) select l_orderkey from lineitem            where l_orderkey > 4206566.0 ;",14309.966,table_info\lineitem_table_stats.json,
"EXPLAIN (ANALYZE true, COSTS true, FORMAT json) select p_partkey from part            where p_partkey > 19229.0 ;",245.701,table_info\part_table_stats.json,
"EXPLAIN (ANALYZE true, COSTS true, FORMAT json) select ps_availqty from partsupp            where ps_availqty > 3013.0 ;",824.936,table_info\partsupp_table_stats.json,
"EXPLAIN (ANALYZE true, COSTS true, FORMAT json) select p_partkey from part            where p_partkey > 338853.0 ;",124.753,table_info\part_table_stats.json,
"EXPLAIN (ANALYZE true, COSTS true, FORMAT json) select o_custkey from orders            where o_custkey > 88949.0 ;",2403.879,table_info\orders_table_stats.json,
"EXPLAIN (ANALYZE true, COSTS true, FORMAT json) select s_suppkey from supplier            where s_suppkey > 1010.0 ;",23.181,table_info\supplier_table_stats.json,
"EXPLAIN (ANALYZE true, COSTS true, FORMAT json) select r_regionkey from region            where r_regionkey > 2.0 ;",0.045,table_info\region_table_stats.json,
"EXPLAIN (ANALYZE true, COSTS true, FORMAT json) select o_custkey from orders            where o_custkey > 225127.0 ;",3015.531,table_info\orders_table_stats.json,
"EXPLAIN (ANALYZE true, COSTS true, FORMAT json) select c_name from customer            where c_name > 'Customer#000224101' ;",249.028,table_info\customer_table_stats.json,
"EXPLAIN (ANALYZE true, COSTS true, FORMAT json) select c_phone from customer            where c_phone > '22-593-812-5142' ;",151.592,table_info\customer_table_stats.json,
"EXPLAIN (ANALYZE true, COSTS true, FORMAT json) select o_clerk from orders            where o_clerk > 'Clerk#000000200' ;",3649.138,table_info\orders_table_stats.json,
"EXPLAIN (ANALYZE true, COSTS true, FORMAT json) select o_orderdate from orders            where o_orderdate > '1992-08-27' ;",2996.855,table_info\orders_table_stats.json,
"EXPLAIN (ANALYZE true, COSTS true, FORMAT json) select o_orderdate from orders            where o_orderdate > '1996-12-09' ;",2564.598,table_info\orders_table_stats.json,
"EXPLAIN (ANALYZE true, COSTS true, FORMAT json) select o_clerk from orders            where o_clerk > 'Clerk#000001093' ;",2855.173,table_info\orders_table_stats.json,
"EXPLAIN (ANALYZE true, COSTS true, FORMAT json) select ps_suppkey from partsupp            where ps_suppkey > 15002.0 ;",898.427,table_info\partsupp_table_stats.json,
"EXPLAIN (ANALYZE true, COSTS true, FORMAT json) select p_partkey from part            where p_partkey > 1.0 ;",269.442,table_info\part_table_stats.json,
"EXPLAIN (ANALYZE true, COSTS true, FORMAT json) select l_extendedprice from lineitem            where l_extendedprice > 59448.64 ;",13745.922,table_info\lineitem_table_stats.json,
"EXPLAIN (ANALYZE true, COSTS true, FORMAT json) select l_orderkey from lineitem            where l_orderkey > 4816449.0 ;",14485.047,table_info\lineitem_table_stats.json,
"EXPLAIN (ANALYZE true, COSTS true, FORMAT json) select s_name from supplier            where s_name > 'Supplier#000000001       ' ;",45.609,table_info\supplier_table_stats.json,
"EXPLAIN (ANALYZE true, COSTS true, FORMAT json) select o_comment from orders            where o_comment > 'equests. even theodolites among the slyly even instructions cajole blithel' ;",2652.048,table_info\orders_table_stats.json,
"EXPLAIN (ANALYZE true, COSTS true, FORMAT json) select o_custkey from orders            where o_custkey > 209780.0 ;",2191.242,table_info\orders_table_stats.json,
"EXPLAIN (ANALYZE true, COSTS true, FORMAT json) select c_custkey from customer            where c_custkey > 269314.0 ;",94.449,table_info\customer_table_stats.json,
"EXPLAIN (ANALYZE true, COSTS true, FORMAT json) select ps_suppkey from partsupp            where ps_suppkey > 16951.0 ;",791.915,table_info\partsupp_table_stats.json,
"EXPLAIN (ANALYZE true, COSTS true, FORMAT json) select c_phone from customer            where c_phone > '12-573-196-1875' ;",207.824,table_info\customer_table_stats.json,
"EXPLAIN (ANALYZE true, COSTS true, FORMAT json) select n_name from nation            where n_name > 'VIETNAM                  ' ;",0.048,table_info\nation_table_stats.json,
"EXPLAIN (ANALYZE true, COSTS true, FORMAT json) select l_extendedprice from lineitem            where l_extendedprice > 40597.26 ;",14246.813,table_info\lineitem_table_stats.json,
"EXPLAIN (ANALYZE true, COSTS true, FORMAT json) select s_name from supplier            where s_name > 'Supplier#000011034       ' ;",36.521,table_info\supplier_table_stats.json,
"EXPLAIN (ANALYZE true, COSTS true, FORMAT json) select c_phone from customer            where c_phone > '23-836-241-7378' ;",158.511,table_info\customer_table_stats.json,
"EXPLAIN (ANALYZE true, COSTS true, FORMAT json) select s_suppkey from supplier            where s_suppkey > 7031.0 ;",18.258,table_info\supplier_table_stats.json,
"EXPLAIN (ANALYZE true, COSTS true, FORMAT json) select s_acctbal from supplier            where s_acctbal > 1725.62 ;",20.461,table_info\supplier_table_stats.json,
"EXPLAIN (ANALYZE true, COSTS true, FORMAT json) select s_phone from supplier            where s_phone > '22-523-951-5183' ;",19.129,table_info\supplier_table_stats.json,
"EXPLAIN (ANALYZE true, COSTS true, FORMAT json) select s_name from supplier            where s_name > 'Supplier#000003034       ' ;",42.874,table_info\supplier_table_stats.json,
"EXPLAIN (ANALYZE true, COSTS true, FORMAT json) select p_name from part            where p_name > 'spring rose powder frosted snow' ;",132.817,table_info\part_table_stats.json,
"EXPLAIN (ANALYZE true, COSTS true, FORMAT json) select ps_suppkey from partsupp            where ps_suppkey > 15998.0 ;",1078.782,table_info\partsupp_table_stats.json,
"EXPLAIN (ANALYZE true, COSTS true, FORMAT json) select s_comment from supplier            where s_comment > 'nts nag blithely around the furiously ' ;",18.397,table_info\supplier_table_stats.json,
"EXPLAIN (ANALYZE true, COSTS true, FORMAT json) select p_name from part            where p_name > 'navajo gainsboro beige red lemon' ;",180.936,table_info\part_table_stats.json,
